time_s,voltage_V,current_A
+0.000000E+00,+3.433585E+00,-1.075100E+00
